date,country,arrivals,year,month
2019-01-01,Australia,3251.0,2019,1
2019-02-01,Australia,2753.0,2019,2
2019-03-01,Australia,3275.0,2019,3
2019-04-01,Australia,4521.0,2019,4
2019-05-01,Australia,2048.0,2019,5
2019-06-01,Australia,1731.0,2019,6
2019-07-01,Australia,1442.0,2019,7
2019-08-01,Australia,1407.0,2019,8
2019-09-01,Australia,4454.0,2019,9
2019-10-01,Australia,5671.0,2019,10
2019-11-01,Australia,4970.0,2019,11
2019-12-01,Australia,3449.0,2019,12
2020-01-01,Australia,3008.0,2020,1
2020-02-01,Australia,2542.0,2020,2
2020-03-01,Australia,1079.0,2020,3
2020-04-01,Australia,2.0,2020,4
2020-05-01,Australia,4.0,2020,5
2020-06-01,Australia,2.0,2020,6
2020-07-01,Australia,2.0,2020,7
2020-08-01,Australia,11.0,2020,8
2020-09-01,Australia,11.0,2020,9
2020-10-01,Australia,49.0,2020,10
2020-11-01,Australia,34.0,2020,11
2020-12-01,Australia,49.0,2020,12
2021-01-01,Australia,66.0,2021,1
2021-02-01,Australia,37.0,2021,2
2021-03-01,Australia,99.0,2021,3
2021-04-01,Australia,97.0,2021,4
2021-05-01,Australia,9.0,2021,5
2021-06-01,Australia,11.0,2021,6
2021-07-01,Australia,52.0,2021,7
2021-08-01,Australia,64.0,2021,8
2021-09-01,Australia,77.0,2021,9
2021-10-01,Australia,139.0,2021,10
2021-11-01,Australia,615.0,2021,11
2021-12-01,Australia,1211.0,2021,12
2022-01-01,Australia,1213.0,2022,1
2022-02-01,Australia,1053.0,2022,2
2022-03-01,Australia,1450.0,2022,3
2022-04-01,Australia,2747.0,2022,4
2022-05-01,Australia,1618.0,2022,5
2022-06-01,Australia,1482.0,2022,6
2022-07-01,Australia,1148.0,2022,7
2022-08-01,Australia,1210.0,2022,8
2022-09-01,Australia,4370.0,2022,9
2022-10-01,Australia,3946.0,2022,10
2022-11-01,Australia,3375.0,2022,11
2022-12-01,Australia,3282.0,2022,12
2023-01-01,Australia,3441.0,2023,1
2023-02-01,Australia,2969.0,2023,2
2023-03-01,Australia,3635.0,2023,3
2023-04-01,Australia,3828.0,2023,4
2023-05-01,Australia,2184.0,2023,5
2023-06-01,Australia,1639.0,2023,6
2023-07-01,Australia,1102.0,2023,7
2023-08-01,Australia,1347.0,2023,8
2023-09-01,Australia,3685.0,2023,9
2023-10-01,Australia,6075.0,2023,10
2023-11-01,Australia,5060.0,2023,11
2023-12-01,Australia,3834.0,2023,12
2024-01-01,Australia,3421.0,2024,1
2024-02-01,Australia,2976.0,2024,2
2024-03-01,Australia,4345.0,2024,3
2024-04-01,Australia,4110.0,2024,4
2024-05-01,Australia,2194.0,2024,5
2024-06-01,Australia,1589.0,2024,6
2024-07-01,Australia,1901.0,2024,7
2024-08-01,Australia,1763.0,2024,8
2024-09-01,Australia,5036.0,2024,9
2024-10-01,Australia,6929.0,2024,10
2024-11-01,Australia,4829.0,2024,11
2024-12-01,Australia,4885.0,2024,12
2025-01-01,Australia,4301.0,2025,1
2025-02-01,Australia,3825.0,2025,2
2025-03-01,Australia,4228.0,2025,3
2025-04-01,Australia,5319.0,2025,4
2025-05-01,Australia,2679.0,2025,5
2025-06-01,Australia,1831.0,2025,6
2025-07-01,Australia,1665.0,2025,7
2025-08-01,Australia,2223.0,2025,8
2025-09-01,Australia,6943.0,2025,9
2025-10-01,Australia,6177.0,2025,10
2025-11-01,Australia,5393.0,2025,11
2025-12-01,Australia,4980.0,2025,12
2019-01-01,Bangladesh,1284.0,2019,1
2019-02-01,Bangladesh,1641.0,2019,2
2019-03-01,Bangladesh,2072.0,2019,3
2019-04-01,Bangladesh,1840.0,2019,4
2019-05-01,Bangladesh,1037.0,2019,5
2019-06-01,Bangladesh,2270.0,2019,6
2019-07-01,Bangladesh,1588.0,2019,7
2019-08-01,Bangladesh,2565.0,2019,8
2019-09-01,Bangladesh,1979.0,2019,9
2019-10-01,Bangladesh,2786.0,2019,10
2019-11-01,Bangladesh,2963.0,2019,11
2019-12-01,Bangladesh,3824.0,2019,12
2020-01-01,Bangladesh,2285.0,2020,1
2020-02-01,Bangladesh,2209.0,2020,2
2020-03-01,Bangladesh,374.0,2020,3
2020-04-01,Bangladesh,0.0,2020,4
2020-05-01,Bangladesh,2.0,2020,5
2020-06-01,Bangladesh,2.0,2020,6
2020-07-01,Bangladesh,2.0,2020,7
2020-08-01,Bangladesh,1.0,2020,8
2020-09-01,Bangladesh,8.0,2020,9
2020-10-01,Bangladesh,5.0,2020,10
2020-11-01,Bangladesh,18.0,2020,11
2020-12-01,Bangladesh,11.0,2020,12
2021-01-01,Bangladesh,27.0,2021,1
2021-02-01,Bangladesh,156.0,2021,2
2021-03-01,Bangladesh,567.0,2021,3
2021-04-01,Bangladesh,162.0,2021,4
2021-05-01,Bangladesh,6.0,2021,5
2021-06-01,Bangladesh,0.0,2021,6
2021-07-01,Bangladesh,8.0,2021,7
2021-08-01,Bangladesh,31.0,2021,8
2021-09-01,Bangladesh,62.0,2021,9
2021-10-01,Bangladesh,481.0,2021,10
2021-11-01,Bangladesh,1382.0,2021,11
2021-12-01,Bangladesh,2162.0,2021,12
2022-01-01,Bangladesh,1236.0,2022,1
2022-02-01,Bangladesh,888.0,2022,2
2022-03-01,Bangladesh,2152.0,2022,3
2022-04-01,Bangladesh,1583.0,2022,4
2022-05-01,Bangladesh,3268.0,2022,5
2022-06-01,Bangladesh,2058.0,2022,6
2022-07-01,Bangladesh,1874.0,2022,7
2022-08-01,Bangladesh,1751.0,2022,8
2022-09-01,Bangladesh,2312.0,2022,9
2022-10-01,Bangladesh,2720.0,2022,10
2022-11-01,Bangladesh,2218.0,2022,11
2022-12-01,Bangladesh,3323.0,2022,12
2023-01-01,Bangladesh,2468.0,2023,1
2023-02-01,Bangladesh,1907.0,2023,2
2023-03-01,Bangladesh,2466.0,2023,3
2023-04-01,Bangladesh,2217.0,2023,4
2023-05-01,Bangladesh,2164.0,2023,5
2023-06-01,Bangladesh,2402.0,2023,6
2023-07-01,Bangladesh,2694.0,2023,7
2023-08-01,Bangladesh,3190.0,2023,8
2023-09-01,Bangladesh,3716.0,2023,9
2023-10-01,Bangladesh,4292.0,2023,10
2023-11-01,Bangladesh,3761.0,2023,11
2023-12-01,Bangladesh,5206.0,2023,12
2024-01-01,Bangladesh,3629.0,2024,1
2024-02-01,Bangladesh,4099.0,2024,2
2024-03-01,Bangladesh,2946.0,2024,3
2024-04-01,Bangladesh,4003.0,2024,4
2024-05-01,Bangladesh,3458.0,2024,5
2024-06-01,Bangladesh,3857.0,2024,6
2024-07-01,Bangladesh,3470.0,2024,7
2024-08-01,Bangladesh,3077.0,2024,8
2024-09-01,Bangladesh,4103.0,2024,9
2024-10-01,Bangladesh,4477.0,2024,10
2024-11-01,Bangladesh,5148.0,2024,11
2024-12-01,Bangladesh,6582.0,2024,12
2025-01-01,Bangladesh,5406.0,2025,1
2025-02-01,Bangladesh,5043.0,2025,2
2025-03-01,Bangladesh,3576.0,2025,3
2025-04-01,Bangladesh,5398.0,2025,4
2025-05-01,Bangladesh,4280.0,2025,5
2025-06-01,Bangladesh,5449.0,2025,6
2025-07-01,Bangladesh,4413.0,2025,7
2025-08-01,Bangladesh,4262.0,2025,8
2025-09-01,Bangladesh,3128.0,2025,9
2025-10-01,Bangladesh,4641.0,2025,10
2025-11-01,Bangladesh,5684.0,2025,11
2025-12-01,Bangladesh,6605.0,2025,12
2019-01-01,Canada,1134.0,2019,1
2019-02-01,Canada,1426.0,2019,2
2019-03-01,Canada,2196.0,2019,3
2019-04-01,Canada,1928.0,2019,4
2019-05-01,Canada,1265.0,2019,5
2019-06-01,Canada,729.0,2019,6
2019-07-01,Canada,853.0,2019,7
2019-08-01,Canada,693.0,2019,8
2019-09-01,Canada,1370.0,2019,9
2019-10-01,Canada,2643.0,2019,10
2019-11-01,Canada,1909.0,2019,11
2019-12-01,Canada,956.0,2019,12
2020-01-01,Canada,965.0,2020,1
2020-02-01,Canada,1237.0,2020,2
2020-03-01,Canada,680.0,2020,3
2020-04-01,Canada,0.0,2020,4
2020-05-01,Canada,2.0,2020,5
2020-06-01,Canada,5.0,2020,6
2020-07-01,Canada,4.0,2020,7
2020-08-01,Canada,10.0,2020,8
2020-09-01,Canada,9.0,2020,9
2020-10-01,Canada,46.0,2020,10
2020-11-01,Canada,58.0,2020,11
2020-12-01,Canada,86.0,2020,12
2021-01-01,Canada,96.0,2021,1
2021-02-01,Canada,116.0,2021,2
2021-03-01,Canada,127.0,2021,3
2021-04-01,Canada,183.0,2021,4
2021-05-01,Canada,24.0,2021,5
2021-06-01,Canada,14.0,2021,6
2021-07-01,Canada,79.0,2021,7
2021-08-01,Canada,145.0,2021,8
2021-09-01,Canada,261.0,2021,9
2021-10-01,Canada,563.0,2021,10
2021-11-01,Canada,479.0,2021,11
2021-12-01,Canada,351.0,2021,12
2022-01-01,Canada,361.0,2022,1
2022-02-01,Canada,420.0,2022,2
2022-03-01,Canada,753.0,2022,3
2022-04-01,Canada,1065.0,2022,4
2022-05-01,Canada,764.0,2022,5
2022-06-01,Canada,630.0,2022,6
2022-07-01,Canada,616.0,2022,7
2022-08-01,Canada,552.0,2022,8
2022-09-01,Canada,1078.0,2022,9
2022-10-01,Canada,1682.0,2022,10
2022-11-01,Canada,1184.0,2022,11
2022-12-01,Canada,650.0,2022,12
2023-01-01,Canada,1001.0,2023,1
2023-02-01,Canada,1369.0,2023,2
2023-03-01,Canada,1708.0,2023,3
2023-04-01,Canada,1672.0,2023,4
2023-05-01,Canada,1031.0,2023,5
2023-06-01,Canada,593.0,2023,6
2023-07-01,Canada,653.0,2023,7
2023-08-01,Canada,640.0,2023,8
2023-09-01,Canada,1109.0,2023,9
2023-10-01,Canada,2442.0,2023,10
2023-11-01,Canada,1570.0,2023,11
2023-12-01,Canada,902.0,2023,12
2024-01-01,Canada,929.0,2024,1
2024-02-01,Canada,1358.0,2024,2
2024-03-01,Canada,1851.0,2024,3
2024-04-01,Canada,1637.0,2024,4
2024-05-01,Canada,1014.0,2024,5
2024-06-01,Canada,666.0,2024,6
2024-07-01,Canada,1004.0,2024,7
2024-08-01,Canada,753.0,2024,8
2024-09-01,Canada,1465.0,2024,9
2024-10-01,Canada,2464.0,2024,10
2024-11-01,Canada,1984.0,2024,11
2024-12-01,Canada,948.0,2024,12
2025-01-01,Canada,1119.0,2025,1
2025-02-01,Canada,1686.0,2025,2
2025-03-01,Canada,2138.0,2025,3
2025-04-01,Canada,1839.0,2025,4
2025-05-01,Canada,1260.0,2025,5
2025-06-01,Canada,768.0,2025,6
2025-07-01,Canada,936.0,2025,7
2025-08-01,Canada,879.0,2025,8
2025-09-01,Canada,1464.0,2025,9
2025-10-01,Canada,2197.0,2025,10
2025-11-01,Canada,1740.0,2025,11
2025-12-01,Canada,982.0,2025,12
2019-01-01,China,12916.0,2019,1
2019-02-01,China,15345.0,2019,2
2019-03-01,China,17398.0,2019,3
2019-04-01,China,13778.0,2019,4
2019-05-01,China,12359.0,2019,5
2019-06-01,China,10215.0,2019,6
2019-07-01,China,12450.0,2019,7
2019-08-01,China,12817.0,2019,8
2019-09-01,China,13195.0,2019,9
2019-10-01,China,14896.0,2019,10
2019-11-01,China,17499.0,2019,11
2019-12-01,China,16675.0,2019,12
2020-01-01,China,13329.0,2020,1
2020-02-01,China,3429.0,2020,2
2020-03-01,China,1653.0,2020,3
2020-04-01,China,0.0,2020,4
2020-05-01,China,0.0,2020,5
2020-06-01,China,0.0,2020,6
2020-07-01,China,0.0,2020,7
2020-08-01,China,1.0,2020,8
2020-09-01,China,56.0,2020,9
2020-10-01,China,115.0,2020,10
2020-11-01,China,209.0,2020,11
2020-12-01,China,465.0,2020,12
2021-01-01,China,1876.0,2021,1
2021-02-01,China,708.0,2021,2
2021-03-01,China,1207.0,2021,3
2021-04-01,China,803.0,2021,4
2021-05-01,China,78.0,2021,5
2021-06-01,China,38.0,2021,6
2021-07-01,China,50.0,2021,7
2021-08-01,China,256.0,2021,8
2021-09-01,China,233.0,2021,9
2021-10-01,China,308.0,2021,10
2021-11-01,China,363.0,2021,11
2021-12-01,China,278.0,2021,12
2022-01-01,China,320.0,2022,1
2022-02-01,China,206.0,2022,2
2022-03-01,China,434.0,2022,3
2022-04-01,China,350.0,2022,4
2022-05-01,China,391.0,2022,5
2022-06-01,China,450.0,2022,6
2022-07-01,China,1595.0,2022,7
2022-08-01,China,1288.0,2022,8
2022-09-01,China,1332.0,2022,9
2022-10-01,China,946.0,2022,10
2022-11-01,China,1038.0,2022,11
2022-12-01,China,1249.0,2022,12
2023-01-01,China,1435.0,2023,1
2023-02-01,China,2266.0,2023,2
2023-03-01,China,2635.0,2023,3
2023-04-01,China,4771.0,2023,4
2023-05-01,China,4667.0,2023,5
2023-06-01,China,4343.0,2023,6
2023-07-01,China,5695.0,2023,7
2023-08-01,China,5025.0,2023,8
2023-09-01,China,8169.0,2023,9
2023-10-01,China,6880.0,2023,10
2023-11-01,China,7621.0,2023,11
2023-12-01,China,7371.0,2023,12
2024-01-01,China,7269.0,2024,1
2024-02-01,China,9180.0,2024,2
2024-03-01,China,12093.0,2024,3
2024-04-01,China,9748.0,2024,4
2024-05-01,China,8379.0,2024,5
2024-06-01,China,7493.0,2024,6
2024-07-01,China,6819.0,2024,7
2024-08-01,China,6614.0,2024,8
2024-09-01,China,8042.0,2024,9
2024-10-01,China,7747.0,2024,10
2024-11-01,China,9459.0,2024,11
2024-12-01,China,9031.0,2024,12
2025-01-01,China,8191.0,2025,1
2025-02-01,China,8467.0,2025,2
2025-03-01,China,11444.0,2025,3
2025-04-01,China,9034.0,2025,4
2025-05-01,China,8824.0,2025,5
2025-06-01,China,6735.0,2025,6
2025-07-01,China,6891.0,2025,7
2025-08-01,China,7533.0,2025,8
2025-09-01,China,5308.0,2025,9
2025-10-01,China,6755.0,2025,10
2025-11-01,China,7870.0,2025,11
2025-12-01,China,8680.0,2025,12
2019-01-01,France,1225.0,2019,1
2019-02-01,France,1814.0,2019,2
2019-03-01,France,3534.0,2019,3
2019-04-01,France,4343.0,2019,4
2019-05-01,France,1601.0,2019,5
2019-06-01,France,784.0,2019,6
2019-07-01,France,1300.0,2019,7
2019-08-01,France,1420.0,2019,8
2019-09-01,France,2191.0,2019,9
2019-10-01,France,6826.0,2019,10
2019-11-01,France,4508.0,2019,11
2019-12-01,France,1100.0,2019,12
2020-01-01,France,1106.0,2020,1
2020-02-01,France,2037.0,2020,2
2020-03-01,France,1196.0,2020,3
2020-04-01,France,0.0,2020,4
2020-05-01,France,1.0,2020,5
2020-06-01,France,4.0,2020,6
2020-07-01,France,4.0,2020,7
2020-08-01,France,20.0,2020,8
2020-09-01,France,18.0,2020,9
2020-10-01,France,53.0,2020,10
2020-11-01,France,33.0,2020,11
2020-12-01,France,68.0,2020,12
2021-01-01,France,107.0,2021,1
2021-02-01,France,90.0,2021,2
2021-03-01,France,169.0,2021,3
2021-04-01,France,162.0,2021,4
2021-05-01,France,17.0,2021,5
2021-06-01,France,14.0,2021,6
2021-07-01,France,41.0,2021,7
2021-08-01,France,128.0,2021,8
2021-09-01,France,235.0,2021,9
2021-10-01,France,739.0,2021,10
2021-11-01,France,808.0,2021,11
2021-12-01,France,319.0,2021,12
2022-01-01,France,283.0,2022,1
2022-02-01,France,537.0,2022,2
2022-03-01,France,1638.0,2022,3
2022-04-01,France,1992.0,2022,4
2022-05-01,France,858.0,2022,5
2022-06-01,France,507.0,2022,6
2022-07-01,France,759.0,2022,7
2022-08-01,France,656.0,2022,8
2022-09-01,France,1409.0,2022,9
2022-10-01,France,4929.0,2022,10
2022-11-01,France,2561.0,2022,11
2022-12-01,France,804.0,2022,12
2023-01-01,France,857.0,2023,1
2023-02-01,France,1463.0,2023,2
2023-03-01,France,3009.0,2023,3
2023-04-01,France,3211.0,2023,4
2023-05-01,France,1097.0,2023,5
2023-06-01,France,614.0,2023,6
2023-07-01,France,996.0,2023,7
2023-08-01,France,822.0,2023,8
2023-09-01,France,1682.0,2023,9
2023-10-01,France,5270.0,2023,10
2023-11-01,France,3205.0,2023,11
2023-12-01,France,942.0,2023,12
2024-01-01,France,970.0,2024,1
2024-02-01,France,1697.0,2024,2
2024-03-01,France,3240.0,2024,3
2024-04-01,France,3753.0,2024,4
2024-05-01,France,1282.0,2024,5
2024-06-01,France,550.0,2024,6
2024-07-01,France,853.0,2024,7
2024-08-01,France,711.0,2024,8
2024-09-01,France,1799.0,2024,9
2024-10-01,France,5485.0,2024,10
2024-11-01,France,3840.0,2024,11
2024-12-01,France,938.0,2024,12
2025-01-01,France,1010.0,2025,1
2025-02-01,France,1873.0,2025,2
2025-03-01,France,3280.0,2025,3
2025-04-01,France,3265.0,2025,4
2025-05-01,France,1393.0,2025,5
2025-06-01,France,627.0,2025,6
2025-07-01,France,773.0,2025,7
2025-08-01,France,795.0,2025,8
2025-09-01,France,1323.0,2025,9
2025-10-01,France,5048.0,2025,10
2025-11-01,France,4212.0,2025,11
2025-12-01,France,991.0,2025,12
2019-01-01,Germany,1480.0,2019,1
2019-02-01,Germany,3113.0,2019,2
2019-03-01,Germany,5589.0,2019,3
2019-04-01,Germany,4927.0,2019,4
2019-05-01,Germany,1808.0,2019,5
2019-06-01,Germany,835.0,2019,6
2019-07-01,Germany,988.0,2019,7
2019-08-01,Germany,1361.0,2019,8
2019-09-01,Germany,3456.0,2019,9
2019-10-01,Germany,7494.0,2019,10
2019-11-01,Germany,4208.0,2019,11
2019-12-01,Germany,1382.0,2019,12
2020-01-01,Germany,1405.0,2020,1
2020-02-01,Germany,2659.0,2020,2
2020-03-01,Germany,1692.0,2020,3
2020-04-01,Germany,0.0,2020,4
2020-05-01,Germany,0.0,2020,5
2020-06-01,Germany,2.0,2020,6
2020-07-01,Germany,2.0,2020,7
2020-08-01,Germany,10.0,2020,8
2020-09-01,Germany,9.0,2020,9
2020-10-01,Germany,50.0,2020,10
2020-11-01,Germany,27.0,2020,11
2020-12-01,Germany,40.0,2020,12
2021-01-01,Germany,97.0,2021,1
2021-02-01,Germany,126.0,2021,2
2021-03-01,Germany,208.0,2021,3
2021-04-01,Germany,218.0,2021,4
2021-05-01,Germany,13.0,2021,5
2021-06-01,Germany,16.0,2021,6
2021-07-01,Germany,31.0,2021,7
2021-08-01,Germany,81.0,2021,8
2021-09-01,Germany,225.0,2021,9
2021-10-01,Germany,790.0,2021,10
2021-11-01,Germany,725.0,2021,11
2021-12-01,Germany,399.0,2021,12
2022-01-01,Germany,364.0,2022,1
2022-02-01,Germany,645.0,2022,2
2022-03-01,Germany,1826.0,2022,3
2022-04-01,Germany,2132.0,2022,4
2022-05-01,Germany,776.0,2022,5
2022-06-01,Germany,436.0,2022,6
2022-07-01,Germany,718.0,2022,7
2022-08-01,Germany,809.0,2022,8
2022-09-01,Germany,1942.0,2022,9
2022-10-01,Germany,4935.0,2022,10
2022-11-01,Germany,2292.0,2022,11
2022-12-01,Germany,867.0,2022,12
2023-01-01,Germany,985.0,2023,1
2023-02-01,Germany,2108.0,2023,2
2023-03-01,Germany,4149.0,2023,3
2023-04-01,Germany,3245.0,2023,4
2023-05-01,Germany,1165.0,2023,5
2023-06-01,Germany,514.0,2023,6
2023-07-01,Germany,637.0,2023,7
2023-08-01,Germany,875.0,2023,8
2023-09-01,Germany,2851.0,2023,9
2023-10-01,Germany,5915.0,2023,10
2023-11-01,Germany,3512.0,2023,11
2023-12-01,Germany,1024.0,2023,12
2024-01-01,Germany,1282.0,2024,1
2024-02-01,Germany,2494.0,2024,2
2024-03-01,Germany,5254.0,2024,3
2024-04-01,Germany,3271.0,2024,4
2024-05-01,Germany,1391.0,2024,5
2024-06-01,Germany,546.0,2024,6
2024-07-01,Germany,726.0,2024,7
2024-08-01,Germany,849.0,2024,8
2024-09-01,Germany,2704.0,2024,9
2024-10-01,Germany,6017.0,2024,10
2024-11-01,Germany,3926.0,2024,11
2024-12-01,Germany,1339.0,2024,12
2025-01-01,Germany,1321.0,2025,1
2025-02-01,Germany,2453.0,2025,2
2025-03-01,Germany,4709.0,2025,3
2025-04-01,Germany,3835.0,2025,4
2025-05-01,Germany,1578.0,2025,5
2025-06-01,Germany,618.0,2025,6
2025-07-01,Germany,703.0,2025,7
2025-08-01,Germany,1086.0,2025,8
2025-09-01,Germany,2263.0,2025,9
2025-10-01,Germany,6368.0,2025,10
2025-11-01,Germany,4134.0,2025,11
2025-12-01,Germany,1252.0,2025,12
2019-01-01,India,17690.0,2019,1
2019-02-01,India,17659.0,2019,2
2019-03-01,India,18256.0,2019,3
2019-04-01,India,17128.0,2019,4
2019-05-01,India,26021.0,2019,5
2019-06-01,India,30513.0,2019,6
2019-07-01,India,22117.0,2019,7
2019-08-01,India,27555.0,2019,8
2019-09-01,India,18497.0,2019,9
2019-10-01,India,15612.0,2019,10
2019-11-01,India,19679.0,2019,11
2019-12-01,India,23423.0,2019,12
2020-01-01,India,16882.0,2020,1
2020-02-01,India,14886.0,2020,2
2020-03-01,India,6814.0,2020,3
2020-04-01,India,2.0,2020,4
2020-05-01,India,7.0,2020,5
2020-06-01,India,26.0,2020,6
2020-07-01,India,26.0,2020,7
2020-08-01,India,23.0,2020,8
2020-09-01,India,41.0,2020,9
2020-10-01,India,107.0,2020,10
2020-11-01,India,125.0,2020,11
2020-12-01,India,1397.0,2020,12
2021-01-01,India,4029.0,2021,1
2021-02-01,India,4767.0,2021,2
2021-03-01,India,7652.0,2021,3
2021-04-01,India,13173.0,2021,4
2021-05-01,India,587.0,2021,5
2021-06-01,India,363.0,2021,6
2021-07-01,India,1106.0,2021,7
2021-08-01,India,1990.0,2021,8
2021-09-01,India,3532.0,2021,9
2021-10-01,India,8739.0,2021,10
2021-11-01,India,10420.0,2021,11
2021-12-01,India,8314.0,2021,12
2022-01-01,India,3915.0,2022,1
2022-02-01,India,6015.0,2022,2
2022-03-01,India,15034.0,2022,3
2022-04-01,India,22476.0,2022,4
2022-05-01,India,26754.0,2022,5
2022-06-01,India,23248.0,2022,6
2022-07-01,India,17399.0,2022,7
2022-08-01,India,16147.0,2022,8
2022-09-01,India,14471.0,2022,9
2022-10-01,India,16910.0,2022,10
2022-11-01,India,20532.0,2022,11
2022-12-01,India,26433.0,2022,12
2023-01-01,India,16436.0,2023,1
2023-02-01,India,18401.0,2023,2
2023-03-01,India,25911.0,2023,3
2023-04-01,India,31437.0,2023,4
2023-05-01,India,36575.0,2023,5
2023-06-01,India,38845.0,2023,6
2023-07-01,India,21357.0,2023,7
2023-08-01,India,26665.0,2023,8
2023-09-01,India,28694.0,2023,9
2023-10-01,India,18480.0,2023,10
2023-11-01,India,24443.0,2023,11
2023-12-01,India,32692.0,2023,12
2024-01-01,India,24139.0,2024,1
2024-02-01,India,25578.0,2024,2
2024-03-01,India,30699.0,2024,3
2024-04-01,India,30165.0,2024,4
2024-05-01,India,38288.0,2024,5
2024-06-01,India,37834.0,2024,6
2024-07-01,India,21491.0,2024,7
2024-08-01,India,25833.0,2024,8
2024-09-01,India,22985.0,2024,9
2024-10-01,India,16313.0,2024,10
2024-11-01,India,19915.0,2024,11
2024-12-01,India,24541.0,2024,12
2025-01-01,India,20486.0,2025,1
2025-02-01,India,19885.0,2025,2
2025-03-01,India,21414.0,2025,3
2025-04-01,India,25933.0,2025,4
2025-05-01,India,28160.0,2025,5
2025-06-01,India,32662.0,2025,6
2025-07-01,India,27152.0,2025,7
2025-08-01,India,35506.0,2025,8
2025-09-01,India,15797.0,2025,9
2025-10-01,India,17300.0,2025,10
2025-11-01,India,18995.0,2025,11
2025-12-01,India,30094.0,2025,12
2019-01-01,Italy,660.0,2019,1
2019-02-01,Italy,931.0,2019,2
2019-03-01,Italy,1483.0,2019,3
2019-04-01,Italy,2050.0,2019,4
2019-05-01,Italy,784.0,2019,5
2019-06-01,Italy,504.0,2019,6
2019-07-01,Italy,569.0,2019,7
2019-08-01,Italy,2123.0,2019,8
2019-09-01,Italy,903.0,2019,9
2019-10-01,Italy,2375.0,2019,10
2019-11-01,Italy,1868.0,2019,11
2019-12-01,Italy,1426.0,2019,12
2020-01-01,Italy,655.0,2020,1
2020-02-01,Italy,657.0,2020,2
2020-03-01,Italy,250.0,2020,3
2020-04-01,Italy,0.0,2020,4
2020-05-01,Italy,0.0,2020,5
2020-06-01,Italy,0.0,2020,6
2020-07-01,Italy,0.0,2020,7
2020-08-01,Italy,0.0,2020,8
2020-09-01,Italy,1.0,2020,9
2020-10-01,Italy,13.0,2020,10
2020-11-01,Italy,8.0,2020,11
2020-12-01,Italy,15.0,2020,12
2021-01-01,Italy,29.0,2021,1
2021-02-01,Italy,32.0,2021,2
2021-03-01,Italy,54.0,2021,3
2021-04-01,Italy,55.0,2021,4
2021-05-01,Italy,6.0,2021,5
2021-06-01,Italy,6.0,2021,6
2021-07-01,Italy,9.0,2021,7
2021-08-01,Italy,33.0,2021,8
2021-09-01,Italy,68.0,2021,9
2021-10-01,Italy,98.0,2021,10
2021-11-01,Italy,142.0,2021,11
2021-12-01,Italy,81.0,2021,12
2022-01-01,Italy,66.0,2022,1
2022-02-01,Italy,72.0,2022,2
2022-03-01,Italy,234.0,2022,3
2022-04-01,Italy,508.0,2022,4
2022-05-01,Italy,368.0,2022,5
2022-06-01,Italy,181.0,2022,6
2022-07-01,Italy,350.0,2022,7
2022-08-01,Italy,941.0,2022,8
2022-09-01,Italy,538.0,2022,9
2022-10-01,Italy,1471.0,2022,10
2022-11-01,Italy,833.0,2022,11
2022-12-01,Italy,826.0,2022,12
2023-01-01,Italy,414.0,2023,1
2023-02-01,Italy,649.0,2023,2
2023-03-01,Italy,1219.0,2023,3
2023-04-01,Italy,1435.0,2023,4
2023-05-01,Italy,614.0,2023,5
2023-06-01,Italy,220.0,2023,6
2023-07-01,Italy,604.0,2023,7
2023-08-01,Italy,1496.0,2023,8
2023-09-01,Italy,931.0,2023,9
2023-10-01,Italy,2467.0,2023,10
2023-11-01,Italy,1686.0,2023,11
2023-12-01,Italy,1213.0,2023,12
2024-01-01,Italy,517.0,2024,1
2024-02-01,Italy,805.0,2024,2
2024-03-01,Italy,1581.0,2024,3
2024-04-01,Italy,1993.0,2024,4
2024-05-01,Italy,649.0,2024,5
2024-06-01,Italy,267.0,2024,6
2024-07-01,Italy,450.0,2024,7
2024-08-01,Italy,1615.0,2024,8
2024-09-01,Italy,971.0,2024,9
2024-10-01,Italy,2635.0,2024,10
2024-11-01,Italy,1968.0,2024,11
2024-12-01,Italy,1021.0,2024,12
2025-01-01,Italy,525.0,2025,1
2025-02-01,Italy,818.0,2025,2
2025-03-01,Italy,1393.0,2025,3
2025-04-01,Italy,2557.0,2025,4
2025-05-01,Italy,804.0,2025,5
2025-06-01,Italy,354.0,2025,6
2025-07-01,Italy,487.0,2025,7
2025-08-01,Italy,1751.0,2025,8
2025-09-01,Italy,765.0,2025,9
2025-10-01,Italy,2707.0,2025,10
2025-11-01,Italy,1774.0,2025,11
2025-12-01,Italy,970.0,2025,12
2019-01-01,Japan,2728.0,2019,1
2019-02-01,Japan,2871.0,2019,2
2019-03-01,Japan,3692.0,2019,3
2019-04-01,Japan,2960.0,2019,4
2019-05-01,Japan,1690.0,2019,5
2019-06-01,Japan,1111.0,2019,6
2019-07-01,Japan,1297.0,2019,7
2019-08-01,Japan,2254.0,2019,8
2019-09-01,Japan,2351.0,2019,9
2019-10-01,Japan,2599.0,2019,10
2019-11-01,Japan,3701.0,2019,11
2019-12-01,Japan,3280.0,2019,12
2020-01-01,Japan,2003.0,2020,1
2020-02-01,Japan,2902.0,2020,2
2020-03-01,Japan,557.0,2020,3
2020-04-01,Japan,0.0,2020,4
2020-05-01,Japan,2.0,2020,5
2020-06-01,Japan,0.0,2020,6
2020-07-01,Japan,0.0,2020,7
2020-08-01,Japan,2.0,2020,8
2020-09-01,Japan,6.0,2020,9
2020-10-01,Japan,49.0,2020,10
2020-11-01,Japan,37.0,2020,11
2020-12-01,Japan,41.0,2020,12
2021-01-01,Japan,42.0,2021,1
2021-02-01,Japan,28.0,2021,2
2021-03-01,Japan,74.0,2021,3
2021-04-01,Japan,107.0,2021,4
2021-05-01,Japan,0.0,2021,5
2021-06-01,Japan,13.0,2021,6
2021-07-01,Japan,6.0,2021,7
2021-08-01,Japan,24.0,2021,8
2021-09-01,Japan,98.0,2021,9
2021-10-01,Japan,94.0,2021,10
2021-11-01,Japan,159.0,2021,11
2021-12-01,Japan,139.0,2021,12
2022-01-01,Japan,130.0,2022,1
2022-02-01,Japan,85.0,2022,2
2022-03-01,Japan,190.0,2022,3
2022-04-01,Japan,371.0,2022,4
2022-05-01,Japan,272.0,2022,5
2022-06-01,Japan,322.0,2022,6
2022-07-01,Japan,466.0,2022,7
2022-08-01,Japan,541.0,2022,8
2022-09-01,Japan,596.0,2022,9
2022-10-01,Japan,841.0,2022,10
2022-11-01,Japan,955.0,2022,11
2022-12-01,Japan,945.0,2022,12
2023-01-01,Japan,643.0,2023,1
2023-02-01,Japan,1066.0,2023,2
2023-03-01,Japan,1677.0,2023,3
2023-04-01,Japan,1312.0,2023,4
2023-05-01,Japan,913.0,2023,5
2023-06-01,Japan,764.0,2023,6
2023-07-01,Japan,871.0,2023,7
2023-08-01,Japan,1520.0,2023,8
2023-09-01,Japan,1436.0,2023,9
2023-10-01,Japan,1850.0,2023,10
2023-11-01,Japan,2072.0,2023,11
2023-12-01,Japan,2339.0,2023,12
2024-01-01,Japan,1568.0,2024,1
2024-02-01,Japan,2027.0,2024,2
2024-03-01,Japan,2648.0,2024,3
2024-04-01,Japan,2073.0,2024,4
2024-05-01,Japan,1233.0,2024,5
2024-06-01,Japan,953.0,2024,6
2024-07-01,Japan,1114.0,2024,7
2024-08-01,Japan,1881.0,2024,8
2024-09-01,Japan,1887.0,2024,9
2024-10-01,Japan,2196.0,2024,10
2024-11-01,Japan,2699.0,2024,11
2024-12-01,Japan,2575.0,2024,12
2025-01-01,Japan,1570.0,2025,1
2025-02-01,Japan,2706.0,2025,2
2025-03-01,Japan,2948.0,2025,3
2025-04-01,Japan,2115.0,2025,4
2025-05-01,Japan,1495.0,2025,5
2025-06-01,Japan,1019.0,2025,6
2025-07-01,Japan,1214.0,2025,7
2025-08-01,Japan,2399.0,2025,8
2025-09-01,Japan,1454.0,2025,9
2025-10-01,Japan,2321.0,2025,10
2025-11-01,Japan,2860.0,2025,11
2025-12-01,Japan,2758.0,2025,12
2019-01-01,Malaysia,990.0,2019,1
2019-02-01,Malaysia,1630.0,2019,2
2019-03-01,Malaysia,2160.0,2019,3
2019-04-01,Malaysia,2068.0,2019,4
2019-05-01,Malaysia,1468.0,2019,5
2019-06-01,Malaysia,1232.0,2019,6
2019-07-01,Malaysia,835.0,2019,7
2019-08-01,Malaysia,1458.0,2019,8
2019-09-01,Malaysia,1823.0,2019,9
2019-10-01,Malaysia,2144.0,2019,10
2019-11-01,Malaysia,2868.0,2019,11
2019-12-01,Malaysia,2653.0,2019,12
2020-01-01,Malaysia,1179.0,2020,1
2020-02-01,Malaysia,1588.0,2020,2
2020-03-01,Malaysia,673.0,2020,3
2020-04-01,Malaysia,0.0,2020,4
2020-05-01,Malaysia,0.0,2020,5
2020-06-01,Malaysia,0.0,2020,6
2020-07-01,Malaysia,0.0,2020,7
2020-08-01,Malaysia,0.0,2020,8
2020-09-01,Malaysia,1.0,2020,9
2020-10-01,Malaysia,2.0,2020,10
2020-11-01,Malaysia,9.0,2020,11
2020-12-01,Malaysia,8.0,2020,12
2021-01-01,Malaysia,19.0,2021,1
2021-02-01,Malaysia,21.0,2021,2
2021-03-01,Malaysia,16.0,2021,3
2021-04-01,Malaysia,44.0,2021,4
2021-05-01,Malaysia,3.0,2021,5
2021-06-01,Malaysia,5.0,2021,6
2021-07-01,Malaysia,5.0,2021,7
2021-08-01,Malaysia,8.0,2021,8
2021-09-01,Malaysia,32.0,2021,9
2021-10-01,Malaysia,35.0,2021,10
2021-11-01,Malaysia,55.0,2021,11
2021-12-01,Malaysia,88.0,2021,12
2022-01-01,Malaysia,106.0,2022,1
2022-02-01,Malaysia,117.0,2022,2
2022-03-01,Malaysia,314.0,2022,3
2022-04-01,Malaysia,507.0,2022,4
2022-05-01,Malaysia,454.0,2022,5
2022-06-01,Malaysia,469.0,2022,6
2022-07-01,Malaysia,738.0,2022,7
2022-08-01,Malaysia,960.0,2022,8
2022-09-01,Malaysia,1135.0,2022,9
2022-10-01,Malaysia,1590.0,2022,10
2022-11-01,Malaysia,1593.0,2022,11
2022-12-01,Malaysia,1586.0,2022,12
2023-01-01,Malaysia,675.0,2023,1
2023-02-01,Malaysia,1819.0,2023,2
2023-03-01,Malaysia,1663.0,2023,3
2023-04-01,Malaysia,2000.0,2023,4
2023-05-01,Malaysia,1321.0,2023,5
2023-06-01,Malaysia,1079.0,2023,6
2023-07-01,Malaysia,998.0,2023,7
2023-08-01,Malaysia,1188.0,2023,8
2023-09-01,Malaysia,1666.0,2023,9
2023-10-01,Malaysia,2019.0,2023,10
2023-11-01,Malaysia,2388.0,2023,11
2023-12-01,Malaysia,1991.0,2023,12
2024-01-01,Malaysia,939.0,2024,1
2024-02-01,Malaysia,1815.0,2024,2
2024-03-01,Malaysia,2198.0,2024,3
2024-04-01,Malaysia,2310.0,2024,4
2024-05-01,Malaysia,1814.0,2024,5
2024-06-01,Malaysia,1014.0,2024,6
2024-07-01,Malaysia,1125.0,2024,7
2024-08-01,Malaysia,1285.0,2024,8
2024-09-01,Malaysia,2280.0,2024,9
2024-10-01,Malaysia,2278.0,2024,10
2024-11-01,Malaysia,2126.0,2024,11
2024-12-01,Malaysia,1769.0,2024,12
2025-01-01,Malaysia,934.0,2025,1
2025-02-01,Malaysia,1854.0,2025,2
2025-03-01,Malaysia,2380.0,2025,3
2025-04-01,Malaysia,2183.0,2025,4
2025-05-01,Malaysia,2083.0,2025,5
2025-06-01,Malaysia,1348.0,2025,6
2025-07-01,Malaysia,1205.0,2025,7
2025-08-01,Malaysia,1431.0,2025,8
2025-09-01,Malaysia,1677.0,2025,9
2025-10-01,Malaysia,2461.0,2025,10
2025-11-01,Malaysia,2606.0,2025,11
2025-12-01,Malaysia,2429.0,2025,12
2019-01-01,Myanmar,3827.0,2019,1
2019-02-01,Myanmar,5676.0,2019,2
2019-03-01,Myanmar,7290.0,2019,3
2019-04-01,Myanmar,2776.0,2019,4
2019-05-01,Myanmar,132.0,2019,5
2019-06-01,Myanmar,95.0,2019,6
2019-07-01,Myanmar,97.0,2019,7
2019-08-01,Myanmar,74.0,2019,8
2019-09-01,Myanmar,188.0,2019,9
2019-10-01,Myanmar,3859.0,2019,10
2019-11-01,Myanmar,6530.0,2019,11
2019-12-01,Myanmar,5730.0,2019,12
2020-01-01,Myanmar,4447.0,2020,1
2020-02-01,Myanmar,12119.0,2020,2
2020-03-01,Myanmar,4320.0,2020,3
2020-04-01,Myanmar,0.0,2020,4
2020-05-01,Myanmar,0.0,2020,5
2020-06-01,Myanmar,0.0,2020,6
2020-07-01,Myanmar,0.0,2020,7
2020-08-01,Myanmar,0.0,2020,8
2020-09-01,Myanmar,0.0,2020,9
2020-10-01,Myanmar,1.0,2020,10
2020-11-01,Myanmar,6.0,2020,11
2020-12-01,Myanmar,18.0,2020,12
2021-01-01,Myanmar,21.0,2021,1
2021-02-01,Myanmar,38.0,2021,2
2021-03-01,Myanmar,101.0,2021,3
2021-04-01,Myanmar,58.0,2021,4
2021-05-01,Myanmar,6.0,2021,5
2021-06-01,Myanmar,4.0,2021,6
2021-07-01,Myanmar,1.0,2021,7
2021-08-01,Myanmar,8.0,2021,8
2021-09-01,Myanmar,22.0,2021,9
2021-10-01,Myanmar,13.0,2021,10
2021-11-01,Myanmar,27.0,2021,11
2021-12-01,Myanmar,45.0,2021,12
2022-01-01,Myanmar,39.0,2022,1
2022-02-01,Myanmar,27.0,2022,2
2022-03-01,Myanmar,29.0,2022,3
2022-04-01,Myanmar,53.0,2022,4
2022-05-01,Myanmar,54.0,2022,5
2022-06-01,Myanmar,75.0,2022,6
2022-07-01,Myanmar,43.0,2022,7
2022-08-01,Myanmar,66.0,2022,8
2022-09-01,Myanmar,76.0,2022,9
2022-10-01,Myanmar,102.0,2022,10
2022-11-01,Myanmar,927.0,2022,11
2022-12-01,Myanmar,936.0,2022,12
2023-01-01,Myanmar,820.0,2023,1
2023-02-01,Myanmar,2232.0,2023,2
2023-03-01,Myanmar,2188.0,2023,3
2023-04-01,Myanmar,1339.0,2023,4
2023-05-01,Myanmar,91.0,2023,5
2023-06-01,Myanmar,115.0,2023,6
2023-07-01,Myanmar,151.0,2023,7
2023-08-01,Myanmar,78.0,2023,8
2023-09-01,Myanmar,126.0,2023,9
2023-10-01,Myanmar,752.0,2023,10
2023-11-01,Myanmar,2505.0,2023,11
2023-12-01,Myanmar,2532.0,2023,12
2024-01-01,Myanmar,1222.0,2024,1
2024-02-01,Myanmar,2919.0,2024,2
2024-03-01,Myanmar,3131.0,2024,3
2024-04-01,Myanmar,1184.0,2024,4
2024-05-01,Myanmar,153.0,2024,5
2024-06-01,Myanmar,125.0,2024,6
2024-07-01,Myanmar,110.0,2024,7
2024-08-01,Myanmar,152.0,2024,8
2024-09-01,Myanmar,160.0,2024,9
2024-10-01,Myanmar,698.0,2024,10
2024-11-01,Myanmar,1547.0,2024,11
2024-12-01,Myanmar,1509.0,2024,12
2025-01-01,Myanmar,1126.0,2025,1
2025-02-01,Myanmar,3269.0,2025,2
2025-03-01,Myanmar,3752.0,2025,3
2025-04-01,Myanmar,1779.0,2025,4
2025-05-01,Myanmar,233.0,2025,5
2025-06-01,Myanmar,141.0,2025,6
2025-07-01,Myanmar,144.0,2025,7
2025-08-01,Myanmar,182.0,2025,8
2025-09-01,Myanmar,145.0,2025,9
2025-10-01,Myanmar,3038.0,2025,10
2025-11-01,Myanmar,4484.0,2025,11
2025-12-01,Myanmar,3792.0,2025,12
2019-01-01,Netherlands,603.0,2019,1
2019-02-01,Netherlands,1252.0,2019,2
2019-03-01,Netherlands,1844.0,2019,3
2019-04-01,Netherlands,1813.0,2019,4
2019-05-01,Netherlands,796.0,2019,5
2019-06-01,Netherlands,375.0,2019,6
2019-07-01,Netherlands,1028.0,2019,7
2019-08-01,Netherlands,812.0,2019,8
2019-09-01,Netherlands,1304.0,2019,9
2019-10-01,Netherlands,2756.0,2019,10
2019-11-01,Netherlands,1604.0,2019,11
2019-12-01,Netherlands,847.0,2019,12
2020-01-01,Netherlands,591.0,2020,1
2020-02-01,Netherlands,1119.0,2020,2
2020-03-01,Netherlands,774.0,2020,3
2020-04-01,Netherlands,0.0,2020,4
2020-05-01,Netherlands,0.0,2020,5
2020-06-01,Netherlands,1.0,2020,6
2020-07-01,Netherlands,1.0,2020,7
2020-08-01,Netherlands,0.0,2020,8
2020-09-01,Netherlands,4.0,2020,9
2020-10-01,Netherlands,29.0,2020,10
2020-11-01,Netherlands,12.0,2020,11
2020-12-01,Netherlands,32.0,2020,12
2021-01-01,Netherlands,59.0,2021,1
2021-02-01,Netherlands,74.0,2021,2
2021-03-01,Netherlands,122.0,2021,3
2021-04-01,Netherlands,139.0,2021,4
2021-05-01,Netherlands,7.0,2021,5
2021-06-01,Netherlands,5.0,2021,6
2021-07-01,Netherlands,29.0,2021,7
2021-08-01,Netherlands,69.0,2021,8
2021-09-01,Netherlands,120.0,2021,9
2021-10-01,Netherlands,251.0,2021,10
2021-11-01,Netherlands,240.0,2021,11
2021-12-01,Netherlands,188.0,2021,12
2022-01-01,Netherlands,142.0,2022,1
2022-02-01,Netherlands,253.0,2022,2
2022-03-01,Netherlands,463.0,2022,3
2022-04-01,Netherlands,806.0,2022,4
2022-05-01,Netherlands,315.0,2022,5
2022-06-01,Netherlands,201.0,2022,6
2022-07-01,Netherlands,598.0,2022,7
2022-08-01,Netherlands,483.0,2022,8
2022-09-01,Netherlands,804.0,2022,9
2022-10-01,Netherlands,1842.0,2022,10
2022-11-01,Netherlands,1148.0,2022,11
2022-12-01,Netherlands,460.0,2022,12
2023-01-01,Netherlands,437.0,2023,1
2023-02-01,Netherlands,805.0,2023,2
2023-03-01,Netherlands,1402.0,2023,3
2023-04-01,Netherlands,1285.0,2023,4
2023-05-01,Netherlands,542.0,2023,5
2023-06-01,Netherlands,220.0,2023,6
2023-07-01,Netherlands,602.0,2023,7
2023-08-01,Netherlands,563.0,2023,8
2023-09-01,Netherlands,891.0,2023,9
2023-10-01,Netherlands,2081.0,2023,10
2023-11-01,Netherlands,1299.0,2023,11
2023-12-01,Netherlands,591.0,2023,12
2024-01-01,Netherlands,492.0,2024,1
2024-02-01,Netherlands,1026.0,2024,2
2024-03-01,Netherlands,1563.0,2024,3
2024-04-01,Netherlands,1300.0,2024,4
2024-05-01,Netherlands,665.0,2024,5
2024-06-01,Netherlands,246.0,2024,6
2024-07-01,Netherlands,675.0,2024,7
2024-08-01,Netherlands,500.0,2024,8
2024-09-01,Netherlands,870.0,2024,9
2024-10-01,Netherlands,2166.0,2024,10
2024-11-01,Netherlands,1397.0,2024,11
2024-12-01,Netherlands,491.0,2024,12
2025-01-01,Netherlands,573.0,2025,1
2025-02-01,Netherlands,983.0,2025,2
2025-03-01,Netherlands,1518.0,2025,3
2025-04-01,Netherlands,1320.0,2025,4
2025-05-01,Netherlands,648.0,2025,5
2025-06-01,Netherlands,241.0,2025,6
2025-07-01,Netherlands,608.0,2025,7
2025-08-01,Netherlands,528.0,2025,8
2025-09-01,Netherlands,816.0,2025,9
2025-10-01,Netherlands,2162.0,2025,10
2025-11-01,Netherlands,1400.0,2025,11
2025-12-01,Netherlands,517.0,2025,12
2019-01-01,Others,11952.0,2019,1
2019-02-01,Others,15645.0,2019,2
2019-03-01,Others,21031.0,2019,3
2019-04-01,Others,24499.0,2019,4
2019-05-01,Others,12560.0,2019,5
2019-06-01,Others,10619.0,2019,6
2019-07-01,Others,10436.0,2019,7
2019-08-01,Others,11409.0,2019,8
2019-09-01,Others,17294.0,2019,9
2019-10-01,Others,27915.0,2019,10
2019-11-01,Others,24341.0,2019,11
2019-12-01,Others,14888.0,2019,12
2020-01-01,Others,12454.0,2020,1
2020-02-01,Others,16244.0,2020,2
2020-03-01,Others,7569.0,2020,3
2020-04-01,Others,5.0,2020,4
2020-05-01,Others,6.0,2020,5
2020-06-01,Others,33.0,2020,6
2020-07-01,Others,128.0,2020,7
2020-08-01,Others,89.0,2020,8
2020-09-01,Others,196.0,2020,9
2020-10-01,Others,719.0,2020,10
2020-11-01,Others,603.0,2020,11
2020-12-01,Others,862.0,2020,12
2021-01-01,Others,1165.0,2021,1
2021-02-01,Others,1281.0,2021,2
2021-03-01,Others,2246.0,2021,3
2021-04-01,Others,3955.0,2021,4
2021-05-01,Others,453.0,2021,5
2021-06-01,Others,334.0,2021,6
2021-07-01,Others,586.0,2021,7
2021-08-01,Others,1390.0,2021,8
2021-09-01,Others,2362.0,2021,9
2021-10-01,Others,4403.0,2021,10
2021-11-01,Others,4278.0,2021,11
2021-12-01,Others,3560.0,2021,12
2022-01-01,Others,3182.0,2022,1
2022-02-01,Others,3503.0,2022,2
2022-03-01,Others,7641.0,2022,3
2022-04-01,Others,11952.0,2022,4
2022-05-01,Others,7207.0,2022,5
2022-06-01,Others,5481.0,2022,6
2022-07-01,Others,7065.0,2022,7
2022-08-01,Others,7004.0,2022,8
2022-09-01,Others,13449.0,2022,9
2022-10-01,Others,21728.0,2022,10
2022-11-01,Others,14915.0,2022,11
2022-12-01,Others,11182.0,2022,12
2023-01-01,Others,10056.0,2023,1
2023-02-01,Others,13206.0,2023,2
2023-03-01,Others,20524.0,2023,3
2023-04-01,Others,21633.0,2023,4
2023-05-01,Others,11249.0,2023,5
2023-06-01,Others,8419.0,2023,6
2023-07-01,Others,8911.0,2023,7
2023-08-01,Others,9376.0,2023,8
2023-09-01,Others,18085.0,2023,9
2023-10-01,Others,27090.0,2023,10
2023-11-01,Others,20433.0,2023,11
2023-12-01,Others,16217.0,2023,12
2024-01-01,Others,12956.0,2024,1
2024-02-01,Others,16170.0,2024,2
2024-03-01,Others,23875.0,2024,3
2024-04-01,Others,24625.0,2024,4
2024-05-01,Others,15168.0,2024,5
2024-06-01,Others,9316.0,2024,6
2024-07-01,Others,9344.0,2024,7
2024-08-01,Others,10837.0,2024,8
2024-09-01,Others,19997.0,2024,9
2024-10-01,Others,30795.0,2024,10
2024-11-01,Others,24020.0,2024,11
2024-12-01,Others,16402.0,2024,12
2025-01-01,Others,14039.0,2025,1
2025-02-01,Others,17161.0,2025,2
2025-03-01,Others,24703.0,2025,3
2025-04-01,Others,28705.0,2025,4
2025-05-01,Others,16266.0,2025,5
2025-06-01,Others,10322.0,2025,6
2025-07-01,Others,10426.0,2025,7
2025-08-01,Others,11323.0,2025,8
2025-09-01,Others,16241.0,2025,9
2025-10-01,Others,32792.0,2025,10
2025-11-01,Others,24290.0,2025,11
2025-12-01,Others,15420.0,2025,12
2019-01-01,South Korea,5089.0,2019,1
2019-02-01,South Korea,2723.0,2019,2
2019-03-01,South Korea,3297.0,2019,3
2019-04-01,South Korea,2279.0,2019,4
2019-05-01,South Korea,1514.0,2019,5
2019-06-01,South Korea,1210.0,2019,6
2019-07-01,South Korea,2067.0,2019,7
2019-08-01,South Korea,1914.0,2019,8
2019-09-01,South Korea,2013.0,2019,9
2019-10-01,South Korea,3035.0,2019,10
2019-11-01,South Korea,2929.0,2019,11
2019-12-01,South Korea,3038.0,2019,12
2020-01-01,South Korea,4559.0,2020,1
2020-02-01,South Korea,1956.0,2020,2
2020-03-01,South Korea,290.0,2020,3
2020-04-01,South Korea,0.0,2020,4
2020-05-01,South Korea,0.0,2020,5
2020-06-01,South Korea,0.0,2020,6
2020-07-01,South Korea,0.0,2020,7
2020-08-01,South Korea,0.0,2020,8
2020-09-01,South Korea,10.0,2020,9
2020-10-01,South Korea,15.0,2020,10
2020-11-01,South Korea,0.0,2020,11
2020-12-01,South Korea,114.0,2020,12
2021-01-01,South Korea,104.0,2021,1
2021-02-01,South Korea,75.0,2021,2
2021-03-01,South Korea,115.0,2021,3
2021-04-01,South Korea,83.0,2021,4
2021-05-01,South Korea,12.0,2021,5
2021-06-01,South Korea,32.0,2021,6
2021-07-01,South Korea,58.0,2021,7
2021-08-01,South Korea,64.0,2021,8
2021-09-01,South Korea,121.0,2021,9
2021-10-01,South Korea,196.0,2021,10
2021-11-01,South Korea,229.0,2021,11
2021-12-01,South Korea,174.0,2021,12
2022-01-01,South Korea,209.0,2022,1
2022-02-01,South Korea,163.0,2022,2
2022-03-01,South Korea,247.0,2022,3
2022-04-01,South Korea,448.0,2022,4
2022-05-01,South Korea,362.0,2022,5
2022-06-01,South Korea,335.0,2022,6
2022-07-01,South Korea,558.0,2022,7
2022-08-01,South Korea,574.0,2022,8
2022-09-01,South Korea,810.0,2022,9
2022-10-01,South Korea,1371.0,2022,10
2022-11-01,South Korea,1670.0,2022,11
2022-12-01,South Korea,1493.0,2022,12
2023-01-01,South Korea,2198.0,2023,1
2023-02-01,South Korea,3246.0,2023,2
2023-03-01,South Korea,2640.0,2023,3
2023-04-01,South Korea,1544.0,2023,4
2023-05-01,South Korea,1039.0,2023,5
2023-06-01,South Korea,888.0,2023,6
2023-07-01,South Korea,1375.0,2023,7
2023-08-01,South Korea,1099.0,2023,8
2023-09-01,South Korea,2018.0,2023,9
2023-10-01,South Korea,2449.0,2023,10
2023-11-01,South Korea,2885.0,2023,11
2023-12-01,South Korea,2362.0,2023,12
2024-01-01,South Korea,3812.0,2024,1
2024-02-01,South Korea,2351.0,2024,2
2024-03-01,South Korea,2888.0,2024,3
2024-04-01,South Korea,1980.0,2024,4
2024-05-01,South Korea,1374.0,2024,5
2024-06-01,South Korea,875.0,2024,6
2024-07-01,South Korea,1537.0,2024,7
2024-08-01,South Korea,1602.0,2024,8
2024-09-01,South Korea,2351.0,2024,9
2024-10-01,South Korea,2442.0,2024,10
2024-11-01,South Korea,3288.0,2024,11
2024-12-01,South Korea,2568.0,2024,12
2025-01-01,South Korea,3756.0,2025,1
2025-02-01,South Korea,2799.0,2025,2
2025-03-01,South Korea,2183.0,2025,3
2025-04-01,South Korea,1621.0,2025,4
2025-05-01,South Korea,1386.0,2025,5
2025-06-01,South Korea,1002.0,2025,6
2025-07-01,South Korea,1231.0,2025,7
2025-08-01,South Korea,1420.0,2025,8
2025-09-01,South Korea,1357.0,2025,9
2025-10-01,South Korea,2598.0,2025,10
2025-11-01,South Korea,2474.0,2025,11
2025-12-01,South Korea,1788.0,2025,12
2019-01-01,Spain,679.0,2019,1
2019-02-01,Spain,669.0,2019,2
2019-03-01,Spain,1135.0,2019,3
2019-04-01,Spain,2311.0,2019,4
2019-05-01,Spain,1119.0,2019,5
2019-06-01,Spain,823.0,2019,6
2019-07-01,Spain,1482.0,2019,7
2019-08-01,Spain,3331.0,2019,8
2019-09-01,Spain,1945.0,2019,9
2019-10-01,Spain,2972.0,2019,10
2019-11-01,Spain,2091.0,2019,11
2019-12-01,Spain,826.0,2019,12
2020-01-01,Spain,570.0,2020,1
2020-02-01,Spain,655.0,2020,2
2020-03-01,Spain,353.0,2020,3
2020-04-01,Spain,0.0,2020,4
2020-05-01,Spain,0.0,2020,5
2020-06-01,Spain,0.0,2020,6
2020-07-01,Spain,0.0,2020,7
2020-08-01,Spain,1.0,2020,8
2020-09-01,Spain,8.0,2020,9
2020-10-01,Spain,10.0,2020,10
2020-11-01,Spain,11.0,2020,11
2020-12-01,Spain,17.0,2020,12
2021-01-01,Spain,57.0,2021,1
2021-02-01,Spain,30.0,2021,2
2021-03-01,Spain,54.0,2021,3
2021-04-01,Spain,104.0,2021,4
2021-05-01,Spain,25.0,2021,5
2021-06-01,Spain,3.0,2021,6
2021-07-01,Spain,13.0,2021,7
2021-08-01,Spain,57.0,2021,8
2021-09-01,Spain,73.0,2021,9
2021-10-01,Spain,238.0,2021,10
2021-11-01,Spain,262.0,2021,11
2021-12-01,Spain,235.0,2021,12
2022-01-01,Spain,151.0,2022,1
2022-02-01,Spain,183.0,2022,2
2022-03-01,Spain,356.0,2022,3
2022-04-01,Spain,940.0,2022,4
2022-05-01,Spain,330.0,2022,5
2022-06-01,Spain,224.0,2022,6
2022-07-01,Spain,705.0,2022,7
2022-08-01,Spain,910.0,2022,8
2022-09-01,Spain,911.0,2022,9
2022-10-01,Spain,2096.0,2022,10
2022-11-01,Spain,956.0,2022,11
2022-12-01,Spain,587.0,2022,12
2023-01-01,Spain,463.0,2023,1
2023-02-01,Spain,540.0,2023,2
2023-03-01,Spain,1183.0,2023,3
2023-04-01,Spain,1172.0,2023,4
2023-05-01,Spain,590.0,2023,5
2023-06-01,Spain,372.0,2023,6
2023-07-01,Spain,826.0,2023,7
2023-08-01,Spain,1588.0,2023,8
2023-09-01,Spain,1218.0,2023,9
2023-10-01,Spain,2353.0,2023,10
2023-11-01,Spain,1404.0,2023,11
2023-12-01,Spain,684.0,2023,12
2024-01-01,Spain,521.0,2024,1
2024-02-01,Spain,787.0,2024,2
2024-03-01,Spain,1542.0,2024,3
2024-04-01,Spain,1100.0,2024,4
2024-05-01,Spain,675.0,2024,5
2024-06-01,Spain,501.0,2024,6
2024-07-01,Spain,875.0,2024,7
2024-08-01,Spain,1580.0,2024,8
2024-09-01,Spain,1380.0,2024,9
2024-10-01,Spain,2380.0,2024,10
2024-11-01,Spain,1902.0,2024,11
2024-12-01,Spain,725.0,2024,12
2025-01-01,Spain,425.0,2025,1
2025-02-01,Spain,713.0,2025,2
2025-03-01,Spain,1014.0,2025,3
2025-04-01,Spain,1725.0,2025,4
2025-05-01,Spain,898.0,2025,5
2025-06-01,Spain,490.0,2025,6
2025-07-01,Spain,774.0,2025,7
2025-08-01,Spain,1491.0,2025,8
2025-09-01,Spain,1075.0,2025,9
2025-10-01,Spain,2130.0,2025,10
2025-11-01,Spain,1798.0,2025,11
2025-12-01,Spain,610.0,2025,12
2019-01-01,Sri Lanka,655.0,2019,1
2019-02-01,Sri Lanka,7835.0,2019,2
2019-03-01,Sri Lanka,10835.0,2019,3
2019-04-01,Sri Lanka,1531.0,2019,4
2019-05-01,Sri Lanka,253.0,2019,5
2019-06-01,Sri Lanka,355.0,2019,6
2019-07-01,Sri Lanka,1079.0,2019,7
2019-08-01,Sri Lanka,14486.0,2019,8
2019-09-01,Sri Lanka,6962.0,2019,9
2019-10-01,Sri Lanka,5851.0,2019,10
2019-11-01,Sri Lanka,5539.0,2019,11
2019-12-01,Sri Lanka,935.0,2019,12
2020-01-01,Sri Lanka,291.0,2020,1
2020-02-01,Sri Lanka,7369.0,2020,2
2020-03-01,Sri Lanka,5556.0,2020,3
2020-04-01,Sri Lanka,0.0,2020,4
2020-05-01,Sri Lanka,0.0,2020,5
2020-06-01,Sri Lanka,0.0,2020,6
2020-07-01,Sri Lanka,0.0,2020,7
2020-08-01,Sri Lanka,1.0,2020,8
2020-09-01,Sri Lanka,1.0,2020,9
2020-10-01,Sri Lanka,50.0,2020,10
2020-11-01,Sri Lanka,21.0,2020,11
2020-12-01,Sri Lanka,39.0,2020,12
2021-01-01,Sri Lanka,31.0,2021,1
2021-02-01,Sri Lanka,19.0,2021,2
2021-03-01,Sri Lanka,40.0,2021,3
2021-04-01,Sri Lanka,71.0,2021,4
2021-05-01,Sri Lanka,1.0,2021,5
2021-06-01,Sri Lanka,3.0,2021,6
2021-07-01,Sri Lanka,13.0,2021,7
2021-08-01,Sri Lanka,40.0,2021,8
2021-09-01,Sri Lanka,39.0,2021,9
2021-10-01,Sri Lanka,58.0,2021,10
2021-11-01,Sri Lanka,66.0,2021,11
2021-12-01,Sri Lanka,82.0,2021,12
2022-01-01,Sri Lanka,54.0,2022,1
2022-02-01,Sri Lanka,74.0,2022,2
2022-03-01,Sri Lanka,175.0,2022,3
2022-04-01,Sri Lanka,297.0,2022,4
2022-05-01,Sri Lanka,194.0,2022,5
2022-06-01,Sri Lanka,203.0,2022,6
2022-07-01,Sri Lanka,219.0,2022,7
2022-08-01,Sri Lanka,232.0,2022,8
2022-09-01,Sri Lanka,573.0,2022,9
2022-10-01,Sri Lanka,901.0,2022,10
2022-11-01,Sri Lanka,1018.0,2022,11
2022-12-01,Sri Lanka,666.0,2022,12
2023-01-01,Sri Lanka,307.0,2023,1
2023-02-01,Sri Lanka,2175.0,2023,2
2023-03-01,Sri Lanka,3898.0,2023,3
2023-04-01,Sri Lanka,747.0,2023,4
2023-05-01,Sri Lanka,471.0,2023,5
2023-06-01,Sri Lanka,320.0,2023,6
2023-07-01,Sri Lanka,484.0,2023,7
2023-08-01,Sri Lanka,3858.0,2023,8
2023-09-01,Sri Lanka,3011.0,2023,9
2023-10-01,Sri Lanka,2507.0,2023,10
2023-11-01,Sri Lanka,3227.0,2023,11
2023-12-01,Sri Lanka,846.0,2023,12
2024-01-01,Sri Lanka,493.0,2024,1
2024-02-01,Sri Lanka,3683.0,2024,2
2024-03-01,Sri Lanka,5741.0,2024,3
2024-04-01,Sri Lanka,908.0,2024,4
2024-05-01,Sri Lanka,511.0,2024,5
2024-06-01,Sri Lanka,284.0,2024,6
2024-07-01,Sri Lanka,694.0,2024,7
2024-08-01,Sri Lanka,4851.0,2024,8
2024-09-01,Sri Lanka,4915.0,2024,9
2024-10-01,Sri Lanka,3125.0,2024,10
2024-11-01,Sri Lanka,4396.0,2024,11
2024-12-01,Sri Lanka,626.0,2024,12
2025-01-01,Sri Lanka,407.0,2025,1
2025-02-01,Sri Lanka,4502.0,2025,2
2025-03-01,Sri Lanka,8883.0,2025,3
2025-04-01,Sri Lanka,1027.0,2025,4
2025-05-01,Sri Lanka,455.0,2025,5
2025-06-01,Sri Lanka,287.0,2025,6
2025-07-01,Sri Lanka,598.0,2025,7
2025-08-01,Sri Lanka,5956.0,2025,8
2025-09-01,Sri Lanka,4616.0,2025,9
2025-10-01,Sri Lanka,5534.0,2025,10
2025-11-01,Sri Lanka,4831.0,2025,11
2025-12-01,Sri Lanka,582.0,2025,12
2019-01-01,Thailand,4616.0,2019,1
2019-02-01,Thailand,7725.0,2019,2
2019-03-01,Thailand,6112.0,2019,3
2019-04-01,Thailand,2962.0,2019,4
2019-05-01,Thailand,937.0,2019,5
2019-06-01,Thailand,728.0,2019,6
2019-07-01,Thailand,823.0,2019,7
2019-08-01,Thailand,717.0,2019,8
2019-09-01,Thailand,881.0,2019,9
2019-10-01,Thailand,3705.0,2019,10
2019-11-01,Thailand,6267.0,2019,11
2019-12-01,Thailand,6187.0,2019,12
2020-01-01,Thailand,4005.0,2020,1
2020-02-01,Thailand,12947.0,2020,2
2020-03-01,Thailand,3760.0,2020,3
2020-04-01,Thailand,0.0,2020,4
2020-05-01,Thailand,0.0,2020,5
2020-06-01,Thailand,0.0,2020,6
2020-07-01,Thailand,0.0,2020,7
2020-08-01,Thailand,0.0,2020,8
2020-09-01,Thailand,0.0,2020,9
2020-10-01,Thailand,29.0,2020,10
2020-11-01,Thailand,1.0,2020,11
2020-12-01,Thailand,36.0,2020,12
2021-01-01,Thailand,36.0,2021,1
2021-02-01,Thailand,30.0,2021,2
2021-03-01,Thailand,46.0,2021,3
2021-04-01,Thailand,44.0,2021,4
2021-05-01,Thailand,8.0,2021,5
2021-06-01,Thailand,5.0,2021,6
2021-07-01,Thailand,6.0,2021,7
2021-08-01,Thailand,52.0,2021,8
2021-09-01,Thailand,61.0,2021,9
2021-10-01,Thailand,90.0,2021,10
2021-11-01,Thailand,74.0,2021,11
2021-12-01,Thailand,124.0,2021,12
2022-01-01,Thailand,121.0,2022,1
2022-02-01,Thailand,191.0,2022,2
2022-03-01,Thailand,274.0,2022,3
2022-04-01,Thailand,617.0,2022,4
2022-05-01,Thailand,329.0,2022,5
2022-06-01,Thailand,305.0,2022,6
2022-07-01,Thailand,430.0,2022,7
2022-08-01,Thailand,284.0,2022,8
2022-09-01,Thailand,643.0,2022,9
2022-10-01,Thailand,1296.0,2022,10
2022-11-01,Thailand,2441.0,2022,11
2022-12-01,Thailand,3004.0,2022,12
2023-01-01,Thailand,2419.0,2023,1
2023-02-01,Thailand,4802.0,2023,2
2023-03-01,Thailand,3829.0,2023,3
2023-04-01,Thailand,2103.0,2023,4
2023-05-01,Thailand,517.0,2023,5
2023-06-01,Thailand,442.0,2023,6
2023-07-01,Thailand,579.0,2023,7
2023-08-01,Thailand,483.0,2023,8
2023-09-01,Thailand,720.0,2023,9
2023-10-01,Thailand,1289.0,2023,10
2023-11-01,Thailand,3962.0,2023,11
2023-12-01,Thailand,4533.0,2023,12
2024-01-01,Thailand,4618.0,2024,1
2024-02-01,Thailand,4799.0,2024,2
2024-03-01,Thailand,4568.0,2024,3
2024-04-01,Thailand,1884.0,2024,4
2024-05-01,Thailand,627.0,2024,5
2024-06-01,Thailand,366.0,2024,6
2024-07-01,Thailand,740.0,2024,7
2024-08-01,Thailand,436.0,2024,8
2024-09-01,Thailand,780.0,2024,9
2024-10-01,Thailand,2203.0,2024,10
2024-11-01,Thailand,4462.0,2024,11
2024-12-01,Thailand,5263.0,2024,12
2025-01-01,Thailand,3218.0,2025,1
2025-02-01,Thailand,5681.0,2025,2
2025-03-01,Thailand,4982.0,2025,3
2025-04-01,Thailand,2042.0,2025,4
2025-05-01,Thailand,1227.0,2025,5
2025-06-01,Thailand,551.0,2025,6
2025-07-01,Thailand,800.0,2025,7
2025-08-01,Thailand,902.0,2025,8
2025-09-01,Thailand,767.0,2025,9
2025-10-01,Thailand,2209.0,2025,10
2025-11-01,Thailand,3563.0,2025,11
2025-12-01,Thailand,4419.0,2025,12
2019-01-01,UK,3874.0,2019,1
2019-02-01,UK,5031.0,2019,2
2019-03-01,UK,6702.0,2019,3
2019-04-01,UK,7192.0,2019,4
2019-05-01,UK,3387.0,2019,5
2019-06-01,UK,2786.0,2019,6
2019-07-01,UK,4140.0,2019,7
2019-08-01,UK,3387.0,2019,8
2019-09-01,UK,4736.0,2019,9
2019-10-01,UK,8716.0,2019,10
2019-11-01,UK,7193.0,2019,11
2019-12-01,UK,4000.0,2019,12
2020-01-01,UK,3585.0,2020,1
2020-02-01,UK,4845.0,2020,2
2020-03-01,UK,2257.0,2020,3
2020-04-01,UK,5.0,2020,4
2020-05-01,UK,7.0,2020,5
2020-06-01,UK,19.0,2020,6
2020-07-01,UK,19.0,2020,7
2020-08-01,UK,42.0,2020,8
2020-09-01,UK,79.0,2020,9
2020-10-01,UK,284.0,2020,10
2020-11-01,UK,295.0,2020,11
2020-12-01,UK,325.0,2020,12
2021-01-01,UK,136.0,2021,1
2021-02-01,UK,523.0,2021,2
2021-03-01,UK,664.0,2021,3
2021-04-01,UK,541.0,2021,4
2021-05-01,UK,51.0,2021,5
2021-06-01,UK,58.0,2021,6
2021-07-01,UK,184.0,2021,7
2021-08-01,UK,416.0,2021,8
2021-09-01,UK,438.0,2021,9
2021-10-01,UK,1382.0,2021,10
2021-11-01,UK,2026.0,2021,11
2021-12-01,UK,2261.0,2021,12
2022-01-01,UK,1824.0,2022,1
2022-02-01,UK,2218.0,2022,2
2022-03-01,UK,4033.0,2022,3
2022-04-01,UK,5400.0,2022,4
2022-05-01,UK,2461.0,2022,5
2022-06-01,UK,2000.0,2022,6
2022-07-01,UK,3953.0,2022,7
2022-08-01,UK,2826.0,2022,8
2022-09-01,UK,3927.0,2022,9
2022-10-01,UK,7417.0,2022,10
2022-11-01,UK,5165.0,2022,11
2022-12-01,UK,3870.0,2022,12
2023-01-01,UK,3458.0,2023,1
2023-02-01,UK,4345.0,2023,2
2023-03-01,UK,6133.0,2023,3
2023-04-01,UK,5409.0,2023,4
2023-05-01,UK,2927.0,2023,5
2023-06-01,UK,1991.0,2023,6
2023-07-01,UK,3630.0,2023,7
2023-08-01,UK,2711.0,2023,8
2023-09-01,UK,3640.0,2023,9
2023-10-01,UK,8218.0,2023,10
2023-11-01,UK,6136.0,2023,11
2023-12-01,UK,4267.0,2023,12
2024-01-01,UK,3276.0,2024,1
2024-02-01,UK,4571.0,2024,2
2024-03-01,UK,7241.0,2024,3
2024-04-01,UK,5390.0,2024,4
2024-05-01,UK,2802.0,2024,5
2024-06-01,UK,1971.0,2024,6
2024-07-01,UK,3806.0,2024,7
2024-08-01,UK,2764.0,2024,8
2024-09-01,UK,4493.0,2024,9
2024-10-01,UK,8017.0,2024,10
2024-11-01,UK,6610.0,2024,11
2024-12-01,UK,3824.0,2024,12
2025-01-01,UK,3521.0,2025,1
2025-02-01,UK,5221.0,2025,2
2025-03-01,UK,5995.0,2025,3
2025-04-01,UK,6737.0,2025,4
2025-05-01,UK,3473.0,2025,5
2025-06-01,UK,2284.0,2025,6
2025-07-01,UK,3547.0,2025,7
2025-08-01,UK,2947.0,2025,8
2025-09-01,UK,5067.0,2025,9
2025-10-01,UK,8719.0,2025,10
2025-11-01,UK,7191.0,2025,11
2025-12-01,UK,4233.0,2025,12
2019-01-01,USA,6620.0,2019,1
2019-02-01,USA,6684.0,2019,2
2019-03-01,USA,9450.0,2019,3
2019-04-01,USA,8493.0,2019,4
2019-05-01,USA,7550.0,2019,5
2019-06-01,USA,7968.0,2019,6
2019-07-01,USA,6325.0,2019,7
2019-08-01,USA,4966.0,2019,8
2019-09-01,USA,7062.0,2019,9
2019-10-01,USA,12241.0,2019,10
2019-11-01,USA,9635.0,2019,11
2019-12-01,USA,6247.0,2019,12
2020-01-01,USA,6383.0,2020,1
2020-02-01,USA,6790.0,2020,2
2020-03-01,USA,2929.0,2020,3
2020-04-01,USA,0.0,2020,4
2020-05-01,USA,0.0,2020,5
2020-06-01,USA,8.0,2020,6
2020-07-01,USA,8.0,2020,7
2020-08-01,USA,56.0,2020,8
2020-09-01,USA,126.0,2020,9
2020-10-01,USA,399.0,2020,10
2020-11-01,USA,449.0,2020,11
2020-12-01,USA,619.0,2020,12
2021-01-01,USA,877.0,2021,1
2021-02-01,USA,1115.0,2021,2
2021-03-01,USA,1693.0,2021,3
2021-04-01,USA,2733.0,2021,4
2021-05-01,USA,225.0,2021,5
2021-06-01,USA,263.0,2021,6
2021-07-01,USA,816.0,2021,7
2021-08-01,USA,1237.0,2021,8
2021-09-01,USA,1848.0,2021,9
2021-10-01,USA,4721.0,2021,10
2021-11-01,USA,3785.0,2021,11
2021-12-01,USA,3541.0,2021,12
2022-01-01,USA,3259.0,2022,1
2022-02-01,USA,3206.0,2022,2
2022-03-01,USA,4909.0,2022,3
2022-04-01,USA,7345.0,2022,4
2022-05-01,USA,7318.0,2022,5
2022-06-01,USA,8350.0,2022,6
2022-07-01,USA,5228.0,2022,7
2022-08-01,USA,4070.0,2022,8
2022-09-01,USA,7938.0,2022,9
2022-10-01,USA,11859.0,2022,10
2022-11-01,USA,7832.0,2022,11
2022-12-01,USA,5769.0,2022,12
2023-01-01,USA,6561.0,2023,1
2023-02-01,USA,7887.0,2023,2
2023-03-01,USA,9557.0,2023,3
2023-04-01,USA,8413.0,2023,4
2023-05-01,USA,8546.0,2023,5
2023-06-01,USA,8470.0,2023,6
2023-07-01,USA,5561.0,2023,7
2023-08-01,USA,4629.0,2023,8
2023-09-01,USA,7364.0,2023,9
2023-10-01,USA,14878.0,2023,10
2023-11-01,USA,11461.0,2023,11
2023-12-01,USA,7028.0,2023,12
2024-01-01,USA,7048.0,2024,1
2024-02-01,USA,9088.0,2024,2
2024-03-01,USA,10763.0,2024,3
2024-04-01,USA,9948.0,2024,4
2024-05-01,USA,8528.0,2024,5
2024-06-01,USA,8280.0,2024,6
2024-07-01,USA,7864.0,2024,7
2024-08-01,USA,5614.0,2024,8
2024-09-01,USA,10084.0,2024,9
2024-10-01,USA,16024.0,2024,10
2024-11-01,USA,10980.0,2024,11
2024-12-01,USA,6996.0,2024,12
2025-01-01,USA,8062.0,2025,1
2025-02-01,USA,10646.0,2025,2
2025-03-01,USA,11092.0,2025,3
2025-04-01,USA,10053.0,2025,4
2025-05-01,USA,9074.0,2025,5
2025-06-01,USA,9696.0,2025,6
2025-07-01,USA,6626.0,2025,7
2025-08-01,USA,6067.0,2025,8
2025-09-01,USA,9775.0,2025,9
2025-10-01,USA,13286.0,2025,10
2025-11-01,USA,11253.0,2025,11
2025-12-01,USA,7078.0,2025,12
